country,year,GDP,Unemployment,Rate,Debt
Canada,1995,605961090061.207,9.489,8.645833333,77.3126219756355
Canada,1996,630607994132.747,9.62,6.0625,78.0386679289258
Canada,1997,654986999855.554,9.1,4.958333333,74.9284095733244
Canada,1998,634000000000.0,8.278,6.604166667,72.4827997563099
Canada,1999,678412196271.118,7.583,6.4375,66.245831750035
Canada,2000,744773415931.587,6.829,7.270833333,58.7379742383571
Canada,2001,738981792355.372,7.219,5.8125,57.4583564504362
Canada,2002,760649334098.005,7.665,4.208333333,54.1491194927984
Canada,2003,895540646634.787,7.574,4.6875,51.2713370557453
Canada,2004,1026690238278.25,7.185,4.0,46.8009858324025
Canada,2005,1173108598778.68,6.758,4.416666667,46.0616514241618
Canada,2006,1319264809590.97,6.484,5.8125,43.2916781929928
Canada,2007,1468820407783.26,6.156,6.104166667,39.1585639491399
Canada,2008,1552989690721.65,6.284,4.729166667,45.3205112731135
Canada,2009,1374625142157.29,8.46,2.395833333,53.1924466726998
Canada,2010,1617343367486.26,8.178,2.604166667,53.1497329605545
Canada,2011,1793326630174.52,7.637,3.0,54.1193858391726
Canada,2012,1828366481521.6,7.392,3.0,55.7251649377054
Canada,2013,1846597421834.98,7.143,3.0,53.200869076551
Canada,2014,1805749878439.94,7.023,3.0,51.4827081297932
Canada,2015,1556508816217.14,6.945,2.775,55.9915837788793
Canada,2016,1527994741907.43,7.038,2.7,56.0236243991088
Canada,2017,1649265644244.09,6.426,2.7,54.4625651849142
Canada,2018,1725329192783.02,5.837,,53.1515356456582
Canada,2019,1743725183672.52,5.69,,53.3623246913959
Canada,2020,1655684730000.19,9.657,,74.5544073791525
Canada,2021,2022378748423.23,7.527,,68.7795713723483
Canada,2022,2190411080134.32,5.279,,59.9440184640855
Canada,2023,2173339670064.33,5.415,,62.4731322069255
China,1995,738190896227.55,3.0,12.06,
China,1996,868523936530.083,3.12,10.08,
China,1997,967753570434.667,3.23,8.64,
China,1998,1037134141760.35,3.24,6.39,
China,1999,1103843203575.64,3.25,5.85,
China,2000,1223754919971.05,3.26,5.85,
China,2001,1355036590251.52,3.8,5.85,
China,2002,1489821682050.54,4.24,5.31,
China,2003,1683903309843.85,4.58,5.31,
China,2004,1984196551300.44,4.49,5.58,
China,2005,2317551298052.05,4.52,5.58,
China,2006,2791498472804.33,4.43,6.12,
China,2007,3604055822571.63,4.35,7.47,
China,2008,4667346414521.95,4.59,5.31,
China,2009,5189577094997.58,4.72,5.31,
China,2010,6192564874453.29,4.53,5.81,
China,2011,7671757207851.29,4.55,6.56,
China,2012,8673664713189.24,4.58,6.0,
China,2013,9743124247267.24,4.6,6.0,
China,2014,10674533168257.4,4.63,5.6,
China,2015,11280814787468.9,4.65,4.35,
China,2016,11456024084962.0,4.56,4.35,
China,2017,12537559062282.9,4.47,4.35,
China,2018,14147765772963.8,4.31,4.35,
China,2019,14560167101283.4,4.56,4.35,
China,2020,14996414166715.1,5.0,4.35,
China,2021,18201698719564.0,4.55,4.35,
China,2022,18316765021690.2,4.98,4.35,
China,2023,18270356654533.2,4.67,4.35,
France,1995,1595219345511.89,11.834,,
France,1996,1598889216566.23,12.367,,
France,1997,1449392222971.45,12.566,,
France,1998,1496906382032.47,12.074,,
France,1999,1486915879701.93,11.981,,
France,2000,1360959069477.49,10.218,,
France,2001,1370376677298.86,8.61,,
France,2002,1492427756382.43,8.702,,
France,2003,1835095983049.09,8.306,,
France,2004,2109792297237.03,8.914,,
France,2005,2192146403028.17,8.882,,
France,2006,2317861544690.82,8.832,,
France,2007,2655816911866.56,8.008,,
France,2008,2926802941585.86,7.386,,
France,2009,2700075882518.98,9.122,,
France,2010,2646230027988.34,9.279,,
France,2011,2870408553990.28,9.228,,
France,2012,2683007095787.23,9.841,,
France,2013,2816077607875.26,9.913,,
France,2014,2861236112552.42,10.273,,
France,2015,2442483452642.5,10.354,,
France,2016,2470407619777.13,10.057,,
France,2017,2588868323334.71,9.409,,
France,2018,2781576320884.39,9.018,,
France,2019,2722793515171.76,8.415,,
France,2020,2647926055110.05,8.009,,
France,2021,2966433692008.09,7.874,,
France,2022,2796302210398.84,7.308,,
France,2023,3051831611384.76,7.335,,
Germany,1995,2593053091306.13,8.158,,
Germany,1996,2506576553158.31,8.822,,
Germany,1997,2218790886532.82,9.861,,
Germany,1998,2247760364565.97,9.787,,
Germany,1999,2213873468586.88,8.854,,
Germany,2000,1966980701145.1,7.917,,
Germany,2001,1966381496641.73,7.773,,
Germany,2002,2102350798305.89,8.482,,
Germany,2003,2534715518349.01,9.779,,
Germany,2004,2852317768061.78,10.727,,
Germany,2005,2893393187361.87,11.193,,
Germany,2006,3046308753670.58,10.277,,
Germany,2007,3484056680854.91,8.732,,
Germany,2008,3808786022312.5,7.508,,
Germany,2009,3479800820863.28,7.88,,
Germany,2010,3468154343000.01,7.043,,
Germany,2011,3824828563521.41,5.967,,
Germany,2012,3597896500945.31,5.372,,
Germany,2013,3808086291482.36,5.316,,
Germany,2014,3965800686309.79,4.979,,
Germany,2015,3423568450957.03,4.612,,
Germany,2016,3537784107980.55,4.104,,
Germany,2017,3763092263752.95,3.781,,
Germany,2018,4052008447223.53,3.384,,
Germany,2019,3957208055215.68,3.163,,
Germany,2020,3940142541354.1,3.881,,
Germany,2021,4348297440387.53,3.594,,
Germany,2022,4163596357879.39,3.12,,
Germany,2023,4525703903627.53,3.068,,
India,1995,360281909643.489,7.608,15.4583333333333,47.4916413028303
India,1996,392896866204.516,7.558,15.9583333333333,45.7233077028079
India,1997,415867563592.829,7.61,13.8333333333333,50.3654361276153
India,1998,421351317224.941,7.639,13.5416666666667,50.3192181735145
India,1999,458821052615.79,7.617,12.5416666666667,51.3529514384148
India,2000,468395521654.458,7.624,12.2916666666667,55.0042464964554
India,2001,485440139204.171,7.653,12.0833333333333,59.0179097968845
India,2002,514939140318.756,7.753,11.9166666666667,62.5527712945573
India,2003,607700687237.318,7.68,11.4583333333333,62.1900538960464
India,2004,709152728830.775,7.625,10.9166666666667,62.5929767433885
India,2005,820383763511.445,7.552,10.75,62.2265261001737
India,2006,940259888787.721,7.552,11.1875,59.6667302762217
India,2007,1216736438834.96,7.561,13.0208333333333,57.4975363892468
India,2008,1198895139005.92,7.656,13.3125,57.2922142809949
India,2009,1341888016994.9,7.664,12.1875,55.2564461117969
India,2010,1675615519484.96,7.652,8.33335,51.5919103003897
India,2011,1823051829894.55,7.616,10.1666666666667,51.5565536600977
India,2012,1827637590410.41,7.666,10.6041666666667,50.6780305618952
India,2013,1856721507621.58,7.711,10.2916666666667,50.3118273627008
India,2014,2039126479154.52,7.674,10.25,49.9009248748319
India,2015,2103588360044.94,7.631,10.0083333333333,49.9647183856551
India,2016,2294796885663.16,7.601,9.6725,47.6337555915272
India,2017,2651474262755.45,7.618,9.50833333333333,47.5836093800197
India,2018,2702929641648.74,7.652,9.45416666666667,46.5224986659322
India,2019,2835606256558.19,6.51,9.46625,
India,2020,2674851578587.27,7.859,9.15,
India,2021,3167270623260.47,6.38,8.69833333333333,
India,2022,3346107287730.93,4.822,8.56714285714286,
India,2023,3638489096033.86,4.172,,
Italy,1995,1177369428265.78,11.661,13.236,
Italy,1996,1314776508972.27,11.864,12.81833333,
Italy,1997,1244988176443.84,11.985,10.50948333,
Italy,1998,1272729786996.77,12.117,8.643108333,
Italy,1999,1255004736463.98,11.681,6.345525,
Italy,2000,1149661363439.38,10.834,7.022741667,
Italy,2001,1172041488805.87,9.599,7.28775,
Italy,2002,1281746271196.04,9.211,6.536508333,
Italy,2003,1582930016538.82,8.869,5.83035,
Italy,2004,1812808753294.75,7.866,5.506166667,
Italy,2005,1864982261286.85,7.73,5.313935,
Italy,2006,1958563654385.64,6.777,5.621779167,
Italy,2007,2222524108127.65,6.076,6.3347,
Italy,2008,2417508414187.19,6.723,6.83731,
Italy,2009,2209484319012.65,7.749,4.756666667,
Italy,2010,2144936254535.0,8.363,4.031666667,
Italy,2011,2306974020278.21,8.359,4.599166667,
Italy,2012,2097929495121.68,10.655,5.2225,
Italy,2013,2153225581941.46,12.149,5.144166667,
Italy,2014,2173255507985.84,12.683,4.866666667,
Italy,2015,1845428048839.1,11.896,4.12925,
Italy,2016,1887111188176.93,11.688,3.496166667,
Italy,2017,1970720904584.71,11.211,3.000833333,
Italy,2018,2099435266458.67,10.61,2.68,
Italy,2019,2019606796583.53,9.951,2.6025,
Italy,2020,1907481094079.23,9.164,2.328333333,
Italy,2021,2179207773596.09,9.497,2.025916667,
Italy,2022,2104067630319.46,8.069,2.264455,
Italy,2023,2304605139862.79,7.627,4.89248125,
Japan,1995,5545563663889.7,3.15,3.505833333,
Japan,1996,4923391533851.63,3.383,2.657583333,
Japan,1997,4492448605638.94,3.374,2.448833333,
Japan,1998,4098362709531.24,4.078,2.320916667,
Japan,1999,4635982224063.88,4.677,2.160833333,
Japan,2000,4968359075956.59,4.748,2.067166667,
Japan,2001,4374711694090.87,5.02,1.969416667,
Japan,2002,4182846045873.61,5.386,1.864916667,
Japan,2003,4519561645253.53,5.251,1.822083333,
Japan,2004,4893116005656.56,4.734,1.766583333,
Japan,2005,4831467035389.8,4.446,1.676916667,
Japan,2006,4601663122649.92,4.192,1.664833333,
Japan,2007,4579750920354.81,3.888,1.88325,
Japan,2008,5106679115127.3,4.002,1.9095,
Japan,2009,5289493117993.89,5.068,1.723333333,
Japan,2010,5759071769013.11,5.102,1.598333333,
Japan,2011,6233147172341.35,4.55,1.500916667,
Japan,2012,6272362996105.03,4.358,1.4075,
Japan,2013,5212328181166.18,4.038,1.30375,
Japan,2014,4896994405353.29,3.589,1.219166667,
Japan,2015,4444930651964.18,3.385,1.142833333,
Japan,2016,5003677627544.24,3.132,1.04475,
Japan,2017,4930837369151.42,2.822,0.994,
Japan,2018,5040880939324.86,2.467,,
Japan,2019,5117993853016.51,2.351,,
Japan,2020,5054068005376.28,2.809,,
Japan,2021,5039148168861.22,2.828,,
Japan,2022,4262463317796.53,2.6,,
Japan,2023,4213167237905.83,2.6,,
Russian Federation,1995,395537185734.854,9.449,,
Russian Federation,1996,391724890744.498,9.665,,
Russian Federation,1997,404928954191.876,11.813,32.04166667,
Russian Federation,1998,270955486862.442,13.261,41.79166667,143.948999533393
Russian Federation,1999,195907128350.934,13.036,39.71666667,100.744137724205
Russian Federation,2000,259710142196.943,10.581,24.43333333,62.1488888669576
Russian Federation,2001,306602070620.5,8.978,17.90833333,48.9836153351704
Russian Federation,2002,345470494417.863,7.875,15.7,41.3527168644107
Russian Federation,2003,430347420184.885,8.21,12.975,
Russian Federation,2004,591016690732.385,7.763,11.44166667,
Russian Federation,2005,764015973481.11,7.124,10.68333333,16.6608684477983
Russian Federation,2006,989932071352.543,7.055,10.425,9.89107286046746
Russian Federation,2007,1299703478481.65,6.002,10.03333333,7.15843011658404
Russian Federation,2008,1660848058303.11,6.205,12.225,6.49528743788997
Russian Federation,2009,1222645900055.7,8.301,15.30833333,8.69786633503919
Russian Federation,2010,1524916715223.95,7.407,10.81666667,9.09810564473106
Russian Federation,2011,2045922753398.04,6.571,8.458333333,8.64108194430582
Russian Federation,2012,2208293553878.42,5.484,9.1,8.55140859340356
Russian Federation,2013,2292470078346.22,5.513,9.466666667,9.06725564048848
Russian Federation,2014,2059241589895.01,5.212,11.14166667,11.2004612827286
Russian Federation,2015,1363482182197.71,5.615,15.71666667,13.5407657768558
Russian Federation,2016,1276786350881.14,5.591,12.59833333,14.2417395793548
Russian Federation,2017,1574199360089.0,5.238,10.56,16.3253741158845
Russian Federation,2018,1657328773461.31,4.871,8.866666667,16.1685789853238
Russian Federation,2019,1693115002708.32,4.513,8.753333333,17.2760484379376
Russian Federation,2020,1493075894362.14,5.62,6.775833333,22.992021036968
Russian Federation,2021,1829186719575.1,4.749,7.181083333,21.0287512612177
Russian Federation,2022,2291612121334.64,3.867,11.45916667,19.2884758032917
Russian Federation,2023,2071505725030.58,3.076,11.6225,18.5032227571465
United Kingdom,1995,1344240176739.78,8.694,6.693675,88.5375860631923
United Kingdom,1996,1419645865834.63,8.189,5.95853333333333,87.5361678606319
United Kingdom,1997,1560911918795.02,7.072,6.5634,88.697982494323
United Kingdom,1998,1653694932096.72,6.198,7.23205,90.4868397728195
United Kingdom,1999,1687830448147.55,6.042,5.34440833333333,87.5879944174348
United Kingdom,2000,1665534876683.31,5.558,5.96389166666667,87.6021120106981
United Kingdom,2001,1649827263567.01,4.696,5.122375,84.3649308327553
United Kingdom,2002,1785729916067.15,5.037,4.0,86.4005626809262
United Kingdom,2003,2054422857142.86,4.807,3.69579166666667,86.6935169835672
United Kingdom,2004,2421525082387.4,4.594,4.37981666666667,90.5118335567506
United Kingdom,2005,2543180000000.0,4.835,4.648675,92.159207977986
United Kingdom,2006,2708441582336.71,5.411,4.63825833333333,92.1648082454393
United Kingdom,2007,3090510204081.63,5.342,5.50870833333333,93.8024921065597
United Kingdom,2008,2929411764705.88,5.705,4.67530833333333,105.406814759036
United Kingdom,2009,2412840006231.5,7.627,0.644866666666667,123.728597974434
United Kingdom,2010,2485482596184.71,7.924,0.5,131.087940527915
United Kingdom,2011,2663805834828.07,8.169,0.5,143.759014549588
United Kingdom,2012,2707089726614.64,8.25,0.5,147.053681621506
United Kingdom,2013,2784853502534.29,7.704,0.5,141.643327770171
United Kingdom,2014,3064708247921.43,6.363,0.5,150.591619713999
United Kingdom,2015,2927911140916.73,5.517,,147.949412742616
United Kingdom,2016,2689106566899.61,4.867,,156.604465153177
United Kingdom,2017,2680148052335.3,4.452,,161.26972526053
United Kingdom,2018,2871340347581.79,4.12,,158.16278741293
United Kingdom,2019,2851407164907.81,3.613,,160.321918277325
United Kingdom,2020,2696778386607.65,4.472,,196.640576642773
United Kingdom,2021,3143323050707.26,4.826,,186.794915550888
United Kingdom,2022,3114042471144.39,3.73,,141.244397228023
United Kingdom,2023,3369861888972.88,3.984,,138.644282850488
United States,1995,7639749000000.0,5.65,8.829166667,47.2095352870886
United States,1996,8073122000000.0,5.451,8.270833333,46.7417685500108
United States,1997,8577552000000.0,5.0,8.441666667,44.1174824705231
United States,1998,9062817000000.0,4.511,8.354166667,41.1291544339911
United States,1999,9631172000000.0,4.219,7.994166667,37.7272880185298
United States,2000,10250952000000.0,3.992,9.233333333,33.2676418736523
United States,2001,10581929000000.0,4.731,6.921666667,52.4436801645522
United States,2002,10929108000000.0,5.783,4.675,53.8625384615103
United States,2003,11456450000000.0,5.989,4.1225,56.2503655146228
United States,2004,12217196000000.0,5.529,4.34,56.6622734054524
United States,2005,13039197000000.0,5.084,6.189166667,56.5388574158363
United States,2006,13815583000000.0,4.623,7.9575,55.46735161303
United States,2007,14474228000000.0,4.622,8.05,55.6599218970435
United States,2008,14769862000000.0,5.784,5.0875,63.8151121520296
United States,2009,14478067000000.0,9.254,3.25,75.8420374764117
United States,2010,15048971000000.0,9.633,3.25,84.9643739761343
United States,2011,15599732000000.0,8.949,3.25,89.5467947782693
United States,2012,16253970000000.0,8.069,3.25,93.6492746079881
United States,2013,16880683000000.0,7.375,3.25,95.3225056118879
United States,2014,17608138000000.0,6.168,3.25,95.454198507531
United States,2015,18295019000000.0,5.28,3.26,95.9561561537597
United States,2016,18804913000000.0,4.869,3.511666667,97.9289348480368
United States,2017,19612102000000.0,4.355,4.096666667,97.021634906855
United States,2018,20656516000000.0,3.896,4.904166667,98.4497724592085
United States,2019,21539982000000.0,3.669,5.2825,100.058217318845
United States,2020,21354105000000.0,8.055,3.544166667,124.514696354635
United States,2021,23681171000000.0,5.349,3.25,118.400948162572
United States,2022,26006893000000.0,3.65,,112.817613391957
United States,2023,27720709000000.0,3.638,,114.755553330184
