country,year,GDP,Unemployment,Interest_Rate,Debt,Working_Age_Pop,Inflation,Current_Account,Global_Oil
Canada,1995,605961090061.207,9.489,8.645833333,77.3126219756355,67.6288199467116,2.14876033057849,-0.835225571288652,36.51207752578947
Canada,1996,630607994132.747,9.62,6.0625,78.0386679289258,67.6834394145598,1.57053112507139,0.385035905172817,45.33193878772347
Canada,1997,654986999855.554,9.1,4.958333333,74.9284095733244,67.7644804870833,1.6212163808453,-1.37185670536611,45.14363585816453
Canada,1998,634000000000.0,8.278,6.604166667,72.4827997563099,67.8830900242086,0.995942456658026,-1.41951307916318,31.36656182286985
Canada,1999,678412196271.118,7.583,6.4375,66.245831750035,68.0529772825533,1.73484295105919,0.124607299622237,42.71588215692125
Canada,2000,744773415931.587,6.829,7.270833333,58.7379742383571,68.2568366113173,2.71943995691976,2.48322832733607,69.41210844837282
Canada,2001,738981792355.372,7.219,5.8125,57.4583564504362,68.4701227930397,2.52512013979906,2.13236979231819,61.764241720543275
Canada,2002,760649334098.005,7.665,4.208333333,54.1491194927984,68.6736734090251,2.25839440940855,1.64503032397306,61.907585382371835
Canada,2003,895540646634.787,7.574,4.6875,51.2713370557453,68.8586776013757,2.75856321360112,1.16498813828327,66.31480412915562
Canada,2004,1026690238278.25,7.185,4.0,46.8009858324025,69.0493454832701,1.85725871857256,2.26315076447856,81.92991415763237
Canada,2005,1173108598778.68,6.758,4.416666667,46.0616514241618,69.2461072880222,2.21355203439768,1.86965618692433,116.54474163654557
Canada,2006,1319264809590.97,6.484,5.8125,43.2916781929928,69.3935234197471,2.00202539534162,1.36365624553912,140.57525119034
Canada,2007,1468820407783.26,6.156,6.104166667,39.1585639491399,69.4575467796062,2.13838399266837,0.752359497275173,148.983609180963
Canada,2008,1552989690721.65,6.284,4.729166667,45.3205112731135,69.4541838737891,2.37027067444298,0.204634001322009,195.274434506963
Canada,2009,1374625142157.29,8.46,2.395833333,53.1924466726998,69.4115083969769,0.299466803009305,-2.96628242314574,127.67050890395004
Canada,2010,1617343367486.26,8.178,2.604166667,53.1497329605545,69.3276453126297,1.77687154092627,-3.59618567149688,166.65201477411526
Canada,2011,1793326630174.52,7.637,3.0,54.1193858391726,69.148336286437,2.91213508872347,-2.77400602599856,211.677798671128
Canada,2012,1828366481521.6,7.392,3.0,55.7251649377054,68.8517946416003,1.51567823124525,-3.53224767688727,220.41245861719725
Canada,2013,1846597421834.98,7.143,3.0,53.200869076551,68.4998731704546,0.938291897815245,-3.14687545091254,220.237747103227
Canada,2014,1805749878439.94,7.023,3.0,51.4827081297932,68.1358280352841,1.90663590717867,-2.31892137730875,203.16687450381
Canada,2015,1556508816217.14,6.945,2.775,55.9915837788793,67.7571212622664,1.12524136094278,-3.51398716666025,116.88467731856996
Canada,2016,1527994741907.43,7.038,2.7,56.0236243991088,67.3902081027321,1.42875954701085,-3.093111446907,99.9999999999997
Canada,2017,1649265644244.09,6.426,2.7,54.4625651849142,67.0699290855306,1.5968841285297,-2.8034274767599,122.7425668981605
Canada,2018,1725329192783.02,5.837,2.3416309673000533,53.1515356456582,66.7853309042324,2.26822567248104,-2.38507161087906,155.565059212108
Canada,2019,1743725183672.52,5.69,2.2144678011562067,53.3623246913959,66.4846890068848,1.94926902411596,-1.9517027481858,142.88757825015574
Canada,2020,1655684730000.19,9.657,2.08730463501236,74.5544073791525,66.1382867429556,0.716999632307807,-2.01049352658992,96.2593228900347
Canada,2021,2022378748423.23,7.527,1.9601414688685135,68.7795713723483,65.7746528539238,3.39519318527533,-0.0219632282728957,156.3461425646965
Canada,2022,2190411080134.32,5.279,1.8329783027246669,59.9440184640855,65.5113452142292,6.80280115341609,-0.288416485092606,231.3828646658915
Canada,2023,2173339670064.33,5.415,1.7058151365808203,62.4731322069255,65.3373373940366,3.87900159788427,-0.633319898544559,194.26053940002424
Canada,2024,2241253230970.34,6.45,1.5786519704369737,64.9693295910634,65.0890886641808,2.38158383281171,-0.461744367419551,191.77688801027324
China,1995,738190896227.55,3.0,12.06,0.0,66.5129477763825,16.7912251650916,0.219237328483813,36.51207752578947
China,1996,868523936530.083,3.12,10.08,0.0,66.8238954729028,8.31316028893908,0.833943624966418,45.33193878772347
China,1997,967753570434.667,3.23,8.64,0.0,67.2604374804175,2.78646505531882,3.81946407941415,45.14363585816453
China,1998,1037134141760.35,3.24,6.39,0.0,67.6620557036552,-0.773186011549315,3.0345158579566,31.36656182286985
China,1999,1103843203575.64,3.25,5.85,0.0,68.0124027928449,-1.40147268276465,1.91286225540032,42.71588215692125
China,2000,1223754919971.05,3.26,5.85,0.0,68.43842782702,0.347811226864583,1.67667411710879,69.41210844837282
China,2001,1355036590251.52,3.8,5.85,0.0,68.9801155359775,0.719125609120118,1.28417196444636,61.764241720543275
China,2002,1489821682050.54,4.24,5.31,0.0,69.67006217559,-0.731970902350249,2.37759984341841,61.907585382371835
China,2003,1683903309843.85,4.58,5.31,0.0,70.3774446816481,1.12760348729637,2.55665409110255,66.31480412915562
China,2004,1984196551300.44,4.49,5.58,0.0,71.0763188122428,3.8246374310816,3.47450259619584,81.92991415763237
China,2005,2317551298052.05,4.52,5.58,0.0,71.815903350805,1.7764140766757,5.71199843031159,116.54474163654557
China,2006,2791498472804.33,4.43,6.12,0.0,72.353957155972,1.6494309945586,8.30532573537484,140.57525119034
China,2007,3604055822571.63,4.35,7.47,0.0,72.6173623452205,4.81676767378834,9.79958953536148,148.983609180963
China,2008,4667346414521.95,4.59,5.31,0.0,72.7779121303034,5.92525137041092,9.01086996317632,195.274434506963
China,2009,5189577094997.58,4.72,5.31,0.0,72.856169869084,-0.728165250932903,4.68740638141982,127.67050890395004
China,2010,6192564874453.29,4.53,5.81,0.0,72.8644787380355,3.17532475269199,3.8402567341525,166.65201477411526
China,2011,7671757207851.29,4.55,6.56,0.0,72.7988185445213,5.55389892257491,1.77399724587567,211.677798671128
China,2012,8673664713189.24,4.58,6.0,0.0,72.6134379386083,2.61952432645539,2.48328422404794,220.41245861719725
China,2013,9743124247267.24,4.6,6.0,0.0,72.3383307205597,2.62105001748119,1.52111320885029,220.237747103227
China,2014,10674533168257.4,4.63,5.6,0.0,72.0051656801854,1.92164162788522,2.21130586371267,203.16687450381
China,2015,11280814787468.9,4.65,4.35,0.0,71.6284345359877,1.43702380935656,2.59752794949746,116.88467731856996
China,2016,11456024084962.0,4.56,4.35,0.0,71.2044525051679,2.00000182191942,1.67018709565352,99.9999999999997
China,2017,12537559062282.9,4.47,4.35,0.0,70.6659121055216,1.59313600071433,1.50488723669316,122.7425668981605
China,2018,14147765772963.8,4.31,4.35,0.0,70.1553162360731,2.07479039965575,0.170563391928727,155.565059212108
China,2019,14560167101283.4,4.56,4.35,0.0,69.74115264804,2.89923416358229,0.706790487310523,142.88757825015574
China,2020,14996414166715.1,5.0,4.35,0.0,69.3999249325134,2.41942189457778,1.65930095801393,96.2593228900347
China,2021,18201698719564.0,4.55,4.35,0.0,69.2124049434275,0.981015135544894,1.93875176197337,156.3461425646965
China,2022,18316765021690.2,4.98,4.35,0.0,69.0962698960779,1.97357555739052,2.42059259149418,231.3828646658915
China,2023,18270356654533.2,4.67,4.35,0.0,69.0943118083391,0.23483682889306,1.4415829879426,194.26053940002424
China,2024,18743803170827.2,4.571,4.35,0.0,69.3269188307508,0.218128938439166,2.2616499482671,191.77688801027324
France,1995,1595219345511.89,11.834,0.0,0.0,65.3756466308725,1.79648142095594,0.679551477433415,36.51207752578947
France,1996,1598889216566.23,12.367,0.0,0.0,65.3496887320089,1.98288365089738,1.2859310187773,45.33193878772347
France,1997,1449392222971.45,12.566,0.0,0.0,65.3259977264291,1.20394294026963,2.60806895660173,45.14363585816453
France,1998,1496906382032.47,12.074,0.0,0.0,65.265931011608,0.651126867833041,2.51843043289977,31.36656182286985
France,1999,1486915879701.93,11.981,0.0,0.0,65.1639947458043,0.537141639134644,3.4092327167425,42.71588215692125
France,2000,1360959069477.49,10.218,0.0,0.0,65.0652073832677,1.67595988720928,1.1848394944316,69.41210844837282
France,2001,1370376677298.86,8.61,0.0,0.0,65.008365936622,1.63478079549602,1.52989945223821,61.764241720543275
France,2002,1492427756382.43,8.702,0.0,0.0,64.9962285698827,1.9234122872706,1.18270439802011,61.907585382371835
France,2003,1835095983049.09,8.306,0.0,0.0,65.0286913106343,2.09847219146923,0.871063406872808,66.31480412915562
France,2004,2109792297237.03,8.914,0.0,0.0,65.0488837834107,2.14208964640241,0.434470120439983,81.92991415763237
France,2005,2192146403028.17,8.882,0.0,0.0,65.0595224031689,1.74586936380482,-0.0065091917770309,116.54474163654557
France,2006,2317861544690.82,8.832,0.0,0.0,65.1001430906245,1.67512449608723,0.0221896585541474,140.57525119034
France,2007,2655816911866.56,8.008,0.0,0.0,65.0965157712323,1.4879980595386,-0.328279950461903,148.983609180963
France,2008,2926802941585.86,7.386,0.0,0.0,64.9922746331287,2.81286194914787,-0.962244945077225,195.274434506963
France,2009,2700075882518.98,9.122,0.0,0.0,64.8320505619211,0.0876204781574486,-0.81848014778611,127.67050890395004
France,2010,2646230027988.34,9.279,0.0,0.0,64.6865895755283,1.53112270420927,-0.832545468638349,166.65201477411526
France,2011,2870408553990.28,9.228,0.0,0.0,64.4012852086265,2.11159795174999,-1.02802797917579,211.677798671128
France,2012,2683007095787.23,9.841,0.0,0.0,63.9822023210968,1.95419531613501,-1.22530807843013,220.41245861719725
France,2013,2816077607875.26,9.913,0.0,0.0,63.6262148936628,0.863715497861873,-0.59799045690811,220.237747103227
France,2014,2861236112552.42,10.273,0.0,0.0,63.2660590407766,0.507758822937963,-0.962733699381151,203.16687450381
France,2015,2442483452642.5,10.354,0.0,0.0,62.9034115542196,0.0375143805125298,-0.334528437032909,116.88467731856996
France,2016,2470407619777.13,10.057,0.0,0.0,62.632173096763,0.183334861123829,-0.538632351885894,99.9999999999997
France,2017,2588868323334.71,9.409,0.0,0.0,62.3980765439097,1.03228275064667,-0.474615185215669,122.7425668981605
France,2018,2781576320884.39,9.018,0.0,0.0,62.1793955597294,1.85081508315501,-0.735670615255371,155.565059212108
France,2019,2722793515171.76,8.415,0.0,0.0,61.9811666181521,1.10825492288292,0.587362764575748,142.88757825015574
France,2020,2647926055110.05,8.009,0.0,0.0,61.8134010588151,0.476498852725014,-2.00313613657686,96.2593228900347
France,2021,2966433692008.09,7.874,0.0,0.0,61.7040398746753,1.64233141038393,0.244238511780542,156.3461425646965
France,2022,2796302210398.84,7.308,0.0,0.0,61.5912351189772,5.22236748369736,-1.43157299945545,231.3828646658915
France,2023,3051831611384.76,7.335,0.0,0.0,61.4660792751563,4.87835726508438,-1.04452732139601,194.26053940002424
France,2024,3162079073495.78,7.37,0.0,0.0,61.3483170751607,1.99904942291464,0.0850839325691256,191.77688801027324
Germany,1995,2593053091306.13,8.158,0.0,0.0,68.3513415565947,1.70616041317077,-1.06756701779392,36.51207752578947
Germany,1996,2506576553158.31,8.822,0.0,0.0,68.3063358490373,1.44972701963239,-0.492213210288901,45.33193878772347
Germany,1997,2218790886532.82,9.861,0.0,0.0,68.2720544299515,1.9393719892273,-0.355877126875177,45.14363585816453
Germany,1998,2247760364565.97,9.787,0.0,0.0,68.2355114174291,0.911183535014401,-0.474729135736977,31.36656182286985
Germany,1999,2213873468586.88,8.854,0.0,0.0,68.1136120055995,0.585433064230788,-1.16769718086738,42.71588215692125
Germany,2000,1966980701145.1,7.917,0.0,0.0,67.885670642617,1.4402683871974,-1.5131310276989,69.41210844837282
Germany,2001,1966381496641.73,7.773,0.0,0.0,67.664203690965,1.98385731334472,-0.17042466008937,61.764241720543275
Germany,2002,2102350798305.89,8.482,0.0,0.0,67.4723981364479,1.42080615551526,1.98424702046954,61.907585382371835
Germany,2003,2534715518349.01,9.779,0.0,0.0,67.268380561822,1.03422218628562,1.53250948753762,66.31480412915562
Germany,2004,2852317768061.78,10.727,0.0,0.0,66.9801813153722,1.66573696655992,4.53374240243279,81.92991415763237
Germany,2005,2893393187361.87,11.193,0.0,0.0,66.6481280445416,1.54691114751329,4.64324145764123,116.54474163654557
Germany,2006,3046308753670.58,10.277,0.0,0.0,66.2934869710793,1.57742642840562,5.83661726884206,140.57525119034
Germany,2007,3484056680854.91,8.732,0.0,0.0,66.0234880594569,2.29834400700951,6.70574096490581,148.983609180963
Germany,2008,3808786022312.5,7.508,0.0,0.0,65.8696443375807,2.6283798163722,5.57681458234834,195.274434506963
Germany,2009,3479800820863.28,7.88,0.0,0.0,65.7212170370739,0.312739007368444,5.87415966958685,127.67050890395004
Germany,2010,3468154343000.01,7.043,0.0,0.0,65.7386429233445,1.1038103778926,5.77101102573257,166.65201477411526
Germany,2011,3824828563521.41,5.967,0.0,0.0,65.8994933869984,2.07517283735874,6.25886646333735,211.677798671128
Germany,2012,3597896500945.31,5.372,0.0,0.0,65.9715437998931,2.00848884782953,7.19271816687105,220.41245861719725
Germany,2013,3808086291482.36,5.316,0.0,0.0,65.9544693115349,1.50472330251882,6.72723104677662,220.237747103227
Germany,2014,3965800686309.79,4.979,0.0,0.0,65.8621937797938,0.906794000434214,7.19249005241927,203.16687450381
Germany,2015,3423568450957.03,4.612,0.0,0.0,65.7365353514053,0.514426137125455,8.10033539639848,116.88467731856996
Germany,2016,3537784107980.55,4.104,0.0,0.0,65.5385099359924,0.491747008445213,8.89985353214632,99.9999999999997
Germany,2017,3763092263752.95,3.781,0.0,0.0,65.2493405041228,1.50949485109622,8.08358573755333,122.7425668981605
Germany,2018,4052008447223.53,3.384,0.0,0.0,64.9876223341919,1.73216879766948,8.44474369079797,155.565059212108
Germany,2019,3957208055215.68,3.163,0.0,0.0,64.709009583285,1.44565976888253,7.88005874480123,142.88757825015574
Germany,2020,3940142541354.1,3.881,0.0,0.0,64.3935455490144,0.144877925813963,6.34985102790796,96.2593228900347
Germany,2021,4348297440387.53,3.594,0.0,0.0,64.007731691245,3.0666666666667,6.93113737824586,156.3461425646965
Germany,2022,4163596357879.39,3.12,0.0,0.0,63.6285624993021,6.87257438551096,3.88506689580802,231.3828646658915
Germany,2023,4525703903627.53,3.068,0.0,0.0,63.2943857808214,5.94643667725828,5.55668585897884,194.26053940002424
Germany,2024,4659929336890.62,3.406,0.0,0.0,62.8942524078782,2.25649814338757,5.66583562733218,191.77688801027324
India,1995,360281909643.489,7.608,15.4583333333333,47.4916413028303,58.4681391112119,10.2248861637544,-1.54413181166043,36.51207752578947
India,1996,392896866204.516,7.558,15.9583333333333,45.7233077028079,58.751339330383,8.97715233826453,-1.51595497295368,45.33193878772347
India,1997,415867563592.829,7.61,13.8333333333333,50.3654361276153,59.0516480610389,7.16425211462724,-0.713014326393888,45.14363585816453
India,1998,421351317224.941,7.639,13.5416666666667,50.3192181735145,59.3675103695515,13.2308389767977,-1.63832533358649,31.36656182286985
India,1999,458821052615.79,7.617,12.5416666666667,51.3529514384148,59.7005235536315,4.66982038037593,-0.703547232193242,42.71588215692125
India,2000,468395521654.458,7.624,12.2916666666667,55.0042464964554,60.0363292788794,4.00943591045191,-0.982342580017138,69.41210844837282
India,2001,485440139204.171,7.653,12.0833333333333,59.0179097968845,60.3721236017034,3.77929312235638,0.290495460210207,61.764241720543275
India,2002,514939140318.756,7.753,11.9166666666667,62.5527712945573,60.7034726242062,4.29715203929563,1.37093793900847,61.907585382371835
India,2003,607700687237.318,7.68,11.4583333333333,62.1900538960464,61.0366264092953,3.8058589952885,1.44355773291234,66.31480412915562
India,2004,709152728830.775,7.625,10.9166666666667,62.5929767433885,61.3938727280818,3.76725173477515,0.110018010197153,81.92991415763237
India,2005,820383763511.445,7.552,10.75,62.2265261001737,61.7634053727483,4.24634362031923,-1.25350400207393,116.54474163654557
India,2006,940259888787.721,7.552,11.1875,59.6667302762217,62.1494488498081,5.79652337561633,-0.988988302952292,140.57525119034
India,2007,1216736438834.96,7.561,13.0208333333333,57.4975363892468,62.5476673904344,6.37288135593232,-0.66371764877261,148.983609180963
India,2008,1198895139005.92,7.656,13.3125,57.2922142809949,62.9374830161807,8.34926704907581,-2.58337749259838,195.274434506963
India,2009,1341888016994.9,7.664,12.1875,55.2564461117969,63.3246171976748,10.8823529411764,-1.95146209111802,127.67050890395004
India,2010,1675615519484.96,7.652,8.33335,51.5919103003897,63.7171853960836,11.9893899204244,-3.25348368945179,166.65201477411526
India,2011,1823051829894.55,7.616,10.1666666666667,51.5565536600977,64.1076284698584,8.9117933648337,-3.42928468606061,211.677798671128
India,2012,1827637590410.41,7.666,10.6041666666667,50.6780305618952,64.4911322144707,9.47899691419798,-5.00488971805303,220.41245861719725
India,2013,1856721507621.58,7.711,10.2916666666667,50.3118273627008,64.8769968339134,10.0178784746103,-2.64566711733892,220.237747103227
India,2014,2039126479154.52,7.674,10.25,49.9009248748319,65.2562148871274,6.66565671867896,-1.33950896483453,203.16687450381
India,2015,2103588360044.94,7.631,10.0083333333333,49.9647183856551,65.6177857140772,4.9069734412726,-1.06754907167965,116.88467731856996
India,2016,2294796885663.16,7.601,9.6725,47.6337555915272,65.9731160836743,4.94821634062135,-0.52788060603752,99.9999999999997
India,2017,2651474262755.45,7.618,9.50833333333333,47.5836093800197,66.3274225183491,3.328173374613,-1.43948820320989,122.7425668981605
India,2018,2702929641648.74,7.652,9.45416666666667,46.5224986659322,66.6529850197096,3.93882646691633,-2.42697545810527,155.565059212108
India,2019,2835606256558.19,6.51,9.46625,45.12994845294169,66.944203338595,3.72950573539127,-1.04961203910072,142.88757825015574
India,2020,2674851578587.27,7.859,9.15,44.131348136772004,67.2377729174314,6.62343677628536,1.22362111042791,96.2593228900347
India,2021,3167270623260.47,6.38,8.69833333333333,43.13274782060232,67.5490478920304,5.13140747176368,-1.05524166809383,156.3461425646965
India,2022,3346107287730.93,4.822,8.56714285714286,42.13414750443263,67.8132963616236,6.69903414079849,-2.36247481487452,231.3828646658915
India,2023,3638489096033.86,4.172,8.471554424464735,41.13554718826295,68.0210944742065,5.64914318907929,-0.878262847208682,194.26053940002424
India,2024,3912686168582.21,4.202,8.28240725552327,40.13694687209326,68.2295801537644,4.95303550973652,-0.821660552648862,191.77688801027324
Italy,1995,1177369428265.78,11.661,13.236,0.0,68.3638811038942,5.23542258044301,2.13154267228955,36.51207752578947
Italy,1996,1314776508972.27,11.864,12.81833333,0.0,68.4556993510288,4.0069766898104,3.04033411855202,45.33193878772347
Italy,1997,1244988176443.84,11.985,10.50948333,0.0,68.2339483079122,2.04310779750136,2.59252960256439,45.14363585816453
Italy,1998,1272729786996.77,12.117,8.643108333,0.0,68.0179729180157,1.9550855771938,1.57984290749103,31.36656182286985
Italy,1999,1255004736463.98,11.681,6.345525,0.0,67.7764724054295,1.66345995007715,0.79555262294696,42.71588215692125
Italy,2000,1149661363439.38,10.834,7.022741667,0.0,67.5085230928763,2.53768532095001,-0.270230356072507,69.41210844837282
Italy,2001,1172041488805.87,9.599,7.28775,0.0,67.2460964897238,2.78516542713554,0.15478537448926,61.764241720543275
Italy,2002,1281746271196.04,9.211,6.536508333,0.0,66.9579864831676,2.46532319171166,-0.489738960441859,61.907585382371835
Italy,2003,1582930016538.82,8.869,5.83035,0.0,66.7276486841402,2.67255552772849,-0.766212290849885,66.31480412915562
Italy,2004,1812808753294.75,7.866,5.506166667,0.0,66.5171341036441,2.20673661423658,-0.4953081424742,81.92991415763237
Italy,2005,1864982261286.85,7.73,5.313935,0.0,66.2471392322581,1.9852929852798,-0.896244191801555,116.54474163654557
Italy,2006,1958563654385.64,6.777,5.621779167,0.0,65.9798087065192,2.09084391012754,-1.44603855867144,140.57525119034
Italy,2007,2222524108127.65,6.076,6.3347,0.0,65.8315160605745,1.82974112202403,-1.35566295251184,148.983609180963
Italy,2008,2417508414187.19,6.723,6.83731,0.0,65.7691092145749,3.34783258401022,-2.68669173430211,195.274434506963
Italy,2009,2209484319012.65,7.749,4.756666667,0.0,65.6480061547799,0.774768131387376,-1.77411764067094,127.67050890395004
Italy,2010,2144936254535.0,8.363,4.031666667,0.0,65.5049888211785,1.52551602118248,-3.24412215335914,166.65201477411526
Italy,2011,2306974020278.21,8.359,4.599166667,0.0,65.3052108613489,2.78063272879327,-2.74163808728921,211.677798671128
Italy,2012,2097929495121.68,10.655,5.2225,0.0,65.0318565461314,3.04136333226773,-0.215238993496647,220.41245861719725
Italy,2013,2153225581941.46,12.149,5.144166667,0.0,64.7515846412995,1.21999342274302,1.03825599780866,220.237747103227
Italy,2014,2173255507985.84,12.683,4.866666667,0.0,64.4745737605598,0.241047429826794,1.70979552518119,203.16687450381
Italy,2015,1845428048839.1,11.896,4.12925,0.0,64.264608211041,0.0387903996579146,1.23326652485505,116.88467731856996
Italy,2016,1887111188176.93,11.688,3.496166667,0.0,64.1355493804101,-0.094016656915686,2.46140246001819,99.9999999999997
Italy,2017,1970720904584.71,11.211,3.000833333,0.0,64.0491957667784,1.22653316645805,2.47968309636806,122.7425668981605
Italy,2018,2099435266458.67,10.61,2.68,0.0,63.976292081862,1.13748763600396,2.57144669559437,155.565059212108
Italy,2019,2019606796583.53,9.951,2.6025,0.0,63.8719351973526,0.611246943765281,3.23388196417885,142.88757825015574
Italy,2020,1907481094079.23,9.164,2.328333333,0.0,63.7947913907968,-0.137707573916501,3.9369545603398,96.2593228900347
Italy,2021,2179207773596.09,9.497,2.025916667,0.0,63.7233470647178,1.87378325762482,2.1243004153607,156.3461425646965
Italy,2022,2104067630319.46,8.069,2.264455,0.0,63.6810296805062,8.20128991161714,-1.72642752142058,231.3828646658915
Italy,2023,2304605139862.79,7.627,4.89248125,0.0,63.6367816692365,5.62219442195906,0.141483235698338,194.26053940002424
Italy,2024,2372774547793.12,6.778,5.252445833,0.0,63.4829186800159,0.98237302306138,1.1277967732789,191.77688801027324
Japan,1995,5545563663889.7,3.15,3.505833333,0.0,69.7026222846472,-0.127899045020453,1.40135364357911,36.51207752578947
Japan,1996,4923391533851.63,3.383,2.657583333,0.0,69.4675750807091,0.136600358575942,1.40135364357911,45.33193878772347
Japan,1997,4492448605638.94,3.374,2.448833333,0.0,69.1717668350581,1.74780458692129,2.12480738385175,45.14363585816453
Japan,1998,4098362709531.24,4.078,2.320916667,0.0,68.8656637769943,0.661974191385939,2.79831344439406,31.36656182286985
Japan,1999,4635982224063.88,4.677,2.160833333,0.0,68.5498804257651,-0.341296928327602,2.46175299896328,42.71588215692125
Japan,2000,4968359075956.59,4.748,2.067166667,0.0,68.1776733120971,-0.67657868359508,2.63045548903539,69.41210844837282
Japan,2001,4374711694090.87,5.02,1.969416667,0.0,67.7479909107131,-0.740055504162812,1.97087092323799,61.764241720543275
Japan,2002,4182846045873.61,5.386,1.864916667,0.0,67.3244500484678,-0.923494026942286,2.60256520794997,61.907585382371835
Japan,2003,4519561645253.53,5.251,1.822083333,0.0,66.9575836342452,-0.25654181631606,3.08393890811207,66.31480412915562
Japan,2004,4893116005656.56,4.734,1.766583333,0.0,66.5365880427247,-0.0085733882030604,3.71938350458584,81.92991415763237
Japan,2005,4831467035389.8,4.446,1.676916667,0.0,65.9657352913659,-0.282946068764429,3.52114065640567,116.54474163654557
Japan,2006,4601663122649.92,4.192,1.664833333,0.0,65.3532182401032,0.249355116079105,3.79586172862876,140.57525119034
Japan,2007,4579750920354.81,3.888,1.88325,0.0,64.7793337379624,0.0600394544986545,4.62330048259255,148.983609180963
Japan,2008,5106679115127.3,4.002,1.9095,0.0,64.214111256134,1.38007886164926,2.78294234789655,195.274434506963
Japan,2009,5289493117993.89,5.068,1.723333333,0.0,63.7809247445693,-1.35283672951723,2.75409583494435,127.67050890395004
Japan,2010,5759071769013.11,5.102,1.598333333,0.0,63.5310455900648,-0.728243207517766,3.83547896264376,166.65201477411526
Japan,2011,6233147172341.35,4.55,1.500916667,0.0,63.0577639232849,-0.272455616101245,2.07915328846556,211.677798671128
Japan,2012,6272362996105.03,4.358,1.4075,0.0,62.2912286364192,-0.0440645104432608,0.95844261141204,220.41245861719725
Japan,2013,5212328181166.18,4.038,1.30375,0.0,61.4978527996995,0.335037912184772,0.889785415808863,220.237747103227
Japan,2014,4896994405353.29,3.589,1.219166667,0.0,60.8030853939639,2.75922671353253,0.742322049627638,203.16687450381
Japan,2015,4444930651964.18,3.385,1.142833333,0.0,60.2326202870854,0.795279630579784,3.0702796590698,116.88467731856996
Japan,2016,5003677627544.24,3.132,1.04475,0.0,59.7647226208824,-0.127258844489712,3.93809128404804,99.9999999999997
Japan,2017,4930837369151.42,2.822,0.994,0.0,59.4143459524436,0.484199796126422,4.12036966283801,122.7425668981605
Japan,2018,5040880939324.86,2.467,0.9275141921984931,0.0,59.1635617451289,0.989094598021811,3.51661817468288,155.565059212108
Japan,2019,5117993853016.51,2.351,0.8475671554415825,0.0,59.0046702146202,0.468776159383928,3.45076611445328,142.88757825015574
Japan,2020,5054068005376.28,2.809,0.7676201186846718,0.0,58.861072796091,-0.024995834027682,2.96847858242384,96.2593228900347
Japan,2021,5039148168861.22,2.828,0.6876730819277612,0.0,58.7347384818338,-0.23335277939831,3.89996604353179,156.3461425646965
Japan,2022,4262463317796.53,2.6,0.6077260451708506,0.0,58.7384165155584,2.49770278172251,2.11637961936876,231.3828646658915
Japan,2023,4213167237905.83,2.6,0.52777900841394,0.0,58.7888993029413,3.26813365933164,3.71672795030717,194.26053940002424
Japan,2024,4026210821146.81,2.563,0.44783197165702937,0.0,58.7831280041029,2.73853681635243,4.82480926257698,191.77688801027324
Russian Federation,1995,395537185734.854,9.449,32.04166667,143.948999533393,66.9515268528412,197.414268084251,1.88045783512905,36.51207752578947
Russian Federation,1996,391724890744.498,9.665,32.04166667,143.948999533393,67.1458411276542,47.7520122009939,2.57898342400441,45.33193878772347
Russian Federation,1997,404928954191.876,11.813,32.04166667,143.948999533393,67.4804319582773,14.7613292688059,-0.206268282708236,45.14363585816453
Russian Federation,1998,270955486862.442,13.261,41.79166667,143.948999533393,68.1177219459454,27.6856798076743,0.026225709921156,31.36656182286985
Russian Federation,1999,195907128350.934,13.036,39.71666667,100.744137724205,68.9344453880575,85.7464940960635,11.6664565462153,42.71588215692125
Russian Federation,2000,259710142196.943,10.581,24.43333333,62.1488888669576,69.6547233461629,20.7987606558704,17.4742424828314,69.41210844837282
Russian Federation,2001,306602070620.5,8.978,17.90833333,48.9836153351704,70.2410756553619,21.4770072117158,10.4545347443772,61.764241720543275
Russian Federation,2002,345470494417.863,7.875,15.7,41.3527168644107,70.6598038913385,15.7887307914463,7.9523289090993,61.907585382371835
Russian Federation,2003,430347420184.885,8.21,12.975,4.277449261000299,70.8657498683787,13.6632930228666,7.69799200510312,66.31480412915562
Russian Federation,2004,591016690732.385,7.763,11.44166667,-20.64870138309174,70.9556288936617,10.8886157326216,9.90832254287658,81.92991415763237
Russian Federation,2005,764015973481.11,7.124,10.68333333,16.6608684477983,71.0437679328566,12.6853039507349,11.0454169715192,116.54474163654557
Russian Federation,2006,989932071352.543,7.055,10.425,9.89107286046746,71.1526373492373,9.66865454789263,9.32544491399994,140.57525119034
Russian Federation,2007,1299703478481.65,6.002,10.03333333,7.15843011658404,71.324932700866,9.0072986886108,5.55457619335894,148.983609180963
Russian Federation,2008,1660848058303.11,6.205,12.225,6.49528743788997,71.6157714426859,14.1107677840442,6.25797161157479,195.274434506963
Russian Federation,2009,1222645900055.7,8.301,15.30833333,8.69786633503919,71.9113339753798,11.6473295764118,4.12086933736946,127.67050890395004
Russian Federation,2010,1524916715223.95,7.407,10.81666667,9.09810564473106,72.1279442275068,6.84939230255025,4.4233366535099,166.65201477411526
Russian Federation,2011,2045922753398.04,6.571,8.458333333,8.64108194430582,72.0292797017845,8.44046485932569,4.75452652542426,211.677798671128
Russian Federation,2012,2208293553878.42,5.484,9.1,8.55140859340356,71.5757065534545,5.07474300799148,3.22793090052757,220.41245861719725
Russian Federation,2013,2292470078346.22,5.513,9.466666667,9.06725564048848,71.0307780178912,6.75371026220948,1.45817388483059,220.237747103227
Russian Federation,2014,2059241589895.01,5.212,11.14166667,11.2004612827286,70.3612786579556,7.82341183865507,2.79290979175164,203.16687450381
Russian Federation,2015,1363482182197.71,5.615,15.71666667,13.5407657768558,69.6107173405512,15.5344050528404,4.97088857375125,116.88467731856996
Russian Federation,2016,1276786350881.14,5.591,12.59833333,14.2417395793548,68.9243897445989,7.04244762954794,1.91643731021353,99.9999999999997
Russian Federation,2017,1574199360089.0,5.238,10.56,16.3253741158845,68.3009219594445,3.68332944412233,2.04412673615753,122.7425668981605
Russian Federation,2018,1657328773461.31,4.871,8.866666667,16.1685789853238,67.7832495905018,2.87829723647885,6.97989872935135,155.565059212108
Russian Federation,2019,1693115002708.32,4.513,8.753333333,17.2760484379376,67.2972984998669,4.47036660760176,3.87612476973049,142.88757825015574
Russian Federation,2020,1493075894362.14,5.62,6.775833333,22.992021036968,66.8593105362114,3.38165937237896,2.36911533657246,96.2593228900347
Russian Federation,2021,1829186719575.1,4.749,7.181083333,21.0287512612177,66.546118958482,6.69445891957613,6.83107025995823,156.3461425646965
Russian Federation,2022,2291612121334.64,3.867,11.45916667,19.2884758032917,66.2351438367188,4.510156401081802,10.3741278519981,231.3828646658915
Russian Federation,2023,2071505725030.58,3.076,11.6225,18.5032227571465,65.8803755973048,4.2549207454774445,2.38456738994872,194.26053940002424
Russian Federation,2024,2173835806671.66,2.527,9.86942789451,22.75382532163125,65.5441832951973,3.9996850898730876,2.90578799954145,191.77688801027324
United Kingdom,1995,1344240176739.78,8.694,6.693675,88.5375860631923,64.513311488528,2.69749518304432,-0.999550808668883,36.51207752578947
United Kingdom,1996,1419645865834.63,8.189,5.95853333333333,87.5361678606319,64.5912931133039,2.85178236397749,-0.727548507990115,45.33193878772347
United Kingdom,1997,1560911918795.02,7.072,6.5634,88.697982494323,64.6770705723257,2.20114313510882,-0.0898610622387695,45.14363585816453
United Kingdom,1998,1653694932096.72,6.198,7.23205,90.4868397728195,64.7884966708794,1.82056163731556,-0.318861634089026,31.36656182286985
United Kingdom,1999,1687830448147.55,6.042,5.34440833333333,87.5879944174348,64.9448839391423,1.7529508005142,-2.11518369418468,42.71588215692125
United Kingdom,2000,1665534876683.31,5.558,5.96389166666667,87.6021120106981,65.1756704645238,1.18295624210409,-1.80978814155872,69.41210844837282
United Kingdom,2001,1649827263567.01,4.696,5.122375,84.3649308327553,65.4097821333087,1.53234960272418,-1.76623319868349,61.764241720543275
United Kingdom,2002,1785729916067.15,5.037,4.0,86.4005626809262,65.57530510652,1.52040245947455,-1.97304333212519,61.907585382371835
United Kingdom,2003,2054422857142.86,4.807,3.69579166666667,86.6935169835672,65.6351910807662,1.37650038542013,-1.82808406238088,66.31480412915562
United Kingdom,2004,2421525082387.4,4.594,4.37981666666667,90.5118335567506,65.6962085420456,1.39039756680422,-2.29213993851292,81.92991415763237
United Kingdom,2005,2543180000000.0,4.835,4.648675,92.159207977986,65.8641896604977,2.0891364902507,-1.98153178021805,116.54474163654557
United Kingdom,2006,2708441582336.71,5.411,4.63825833333333,92.1648082454393,66.0498273294674,2.45566166439291,-3.12218245755459,140.57525119034
United Kingdom,2007,3090510204081.63,5.342,5.50870833333333,93.8024921065597,66.1567371263204,2.38656150773327,-3.73342924098551,148.983609180963
United Kingdom,2008,2929411764705.88,5.705,4.67530833333333,105.406814759036,66.1398742181397,3.52140856342538,-3.88657975994756,195.274434506963
United Kingdom,2009,2412840006231.5,7.627,0.644866666666667,123.728597974434,66.032453839338,1.9617317356011,-3.03919318860907,127.67050890395004
United Kingdom,2010,2485482596184.71,7.924,0.5,131.087940527915,65.9030603247605,2.49265472467066,-2.77184107542602,166.65201477411526
United Kingdom,2011,2663805834828.07,8.169,0.5,143.759014549588,65.6678825334919,3.85611244682819,-1.63097008877188,211.677798671128
United Kingdom,2012,2707089726614.64,8.25,0.5,147.053681621506,65.2614604980162,2.57323479654526,-3.14718914670129,220.41245861719725
United Kingdom,2013,2784853502534.29,7.704,0.5,141.643327770171,64.8698524669935,2.29166666666667,-4.65119373117684,220.237747103227
United Kingdom,2014,3064708247921.43,6.363,0.5,150.591619713999,64.5811849432514,1.45112016293279,-5.01141706795707,203.16687450381
United Kingdom,2015,2927911140916.73,5.517,-0.5528329913549348,147.949412742616,64.349417600625,0.36804684232537,-4.94667701136357,116.88467731856996
United Kingdom,2016,2689106566899.61,4.867,-1.0193935970559016,156.604465153177,64.1335648731091,1.00841736811403,-5.49879734304565,99.9999999999997
United Kingdom,2017,2680148052335.3,4.452,-1.4859542027568682,161.26972526053,63.9059468954247,2.55775577557753,-3.49784868993649,122.7425668981605
United Kingdom,2018,2871340347581.79,4.12,-1.9525148084578348,158.16278741293,63.6924638374832,2.29283990345937,-3.92206514953074,155.565059212108
United Kingdom,2019,2851407164907.81,3.613,-2.4190754141588013,160.321918277325,63.5198822523142,1.73810460086515,-2.6851488847368,142.88757825015574
United Kingdom,2020,2696778386607.65,4.472,-2.885636019859768,196.640576642773,63.4278786786019,0.989486703772449,-2.95839949111081,96.2593228900347
United Kingdom,2021,3143323050707.26,4.826,-3.3521966255607345,186.794915550888,63.4465589396069,2.5183710961421,-0.440671238610714,156.3461425646965
United Kingdom,2022,3114042471144.39,3.73,-3.818757231261701,141.244397228023,63.4404279110136,7.92204883147907,-2.27877411232757,231.3828646658915
United Kingdom,2023,3369861888972.88,3.984,-4.285317836962668,138.644282850488,63.3527288517877,6.79396706793964,-3.51213275320832,194.26053940002424
United Kingdom,2024,3643834188782.91,4.111,-4.751878442663635,160.69982978135968,63.3151859345352,3.27157294635921,-2.65199665914344,191.77688801027324
United States,1995,7639749000000.0,5.65,8.829166667,47.2095352870886,65.8028464034546,2.80541968853662,-1.48644935848023,36.51207752578947
United States,1996,8073122000000.0,5.451,8.270833333,46.7417685500108,65.9302686352102,2.93120419993441,-1.54496736206885,45.33193878772347
United States,1997,8577552000000.0,5.0,8.441666667,44.1174824705231,66.0968068431769,2.33768993730735,-1.64061377884972,45.14363585816453
United States,1998,9062817000000.0,4.511,8.354166667,41.1291544339911,66.2842758393239,1.55227909874364,-2.37273907218914,31.36656182286985
United States,1999,9631172000000.0,4.219,7.994166667,37.7272880185298,66.4694132711731,2.18802719697358,-2.97598256993022,42.71588215692125
United States,2000,10250952000000.0,3.992,9.233333333,33.2676418736523,66.6507446322982,3.37685727149929,-3.92088461637514,69.41210844837282
United States,2001,10581929000000.0,4.731,6.921666667,52.4436801645522,66.8277202343495,2.82617111885407,-3.72407526075822,61.764241720543275
United States,2002,10929108000000.0,5.783,4.675,53.8625384615103,67.0006123775376,1.58603162650601,-4.17334150234402,61.907585382371835
United States,2003,11456450000000.0,5.989,4.1225,56.2503655146228,67.1704993188712,2.27009497336115,-4.55897769378821,66.31480412915562
United States,2004,12217196000000.0,5.529,4.34,56.6622734054524,67.3410104275951,2.67723669309172,-5.20485224269137,81.92991415763237
United States,2005,13039197000000.0,5.084,6.189166667,56.5388574158363,67.5239128010789,3.3927468454955,-5.74598267055862,116.54474163654557
United States,2006,13815583000000.0,4.623,7.9575,55.46735161303,67.6574968223962,3.22594410070404,-5.91102091022869,140.57525119034
United States,2007,14474228000000.0,4.622,8.05,55.6599218970435,67.6710943075504,2.85267248150138,-5.08872735734161,148.983609180963
United States,2008,14769862000000.0,5.784,5.0875,63.8151121520296,67.6046849573474,3.839100296651,-4.71585990444596,195.274434506963
United States,2009,14478067000000.0,9.254,3.25,75.8420374764117,67.5228695936854,-0.355546266299747,-2.62283632200348,127.67050890395004
United States,2010,15048971000000.0,9.633,3.25,84.9643739761343,67.4553923662808,1.6400434423899,-2.87064145448882,166.65201477411526
United States,2011,15599732000000.0,8.949,3.25,89.5467947782693,67.3349668036885,3.156841568622,-2.91862065322661,211.677798671128
United States,2012,16253970000000.0,8.069,3.25,93.6492746079881,67.1170061555629,2.06933726526067,-2.57236847367136,220.41245861719725
United States,2013,16880683000000.0,7.375,3.25,95.3225056118879,66.8895911742848,1.46483265562717,-2.01090797096302,220.237747103227
United States,2014,17608138000000.0,6.168,3.25,95.454198507531,66.6847279137693,1.62222297740817,-2.10117617206317,203.16687450381
United States,2015,18295019000000.0,5.28,3.26,95.9561561537597,66.4980809064681,0.118627135552451,-2.2325584903738,116.88467731856996
United States,2016,18804913000000.0,4.869,3.511666667,97.9289348480368,66.3180403833652,1.26158320570536,-2.10699725119707,99.9999999999997
United States,2017,19612102000000.0,4.355,4.096666667,97.021634906855,66.1219291236341,2.13011000365961,-1.87442427129943,122.7425668981605
United States,2018,20656516000000.0,3.896,4.904166667,98.4497724592085,65.9220436398193,2.44258329692817,-2.12518413076048,155.565059212108
United States,2019,21539982000000.0,3.669,5.2825,100.058217318845,65.718674264212,1.81221007526021,-2.05182158462342,142.88757825015574
United States,2020,21354105000000.0,8.055,3.544166667,124.514696354635,65.5352308319268,1.23358439630629,-2.77934383108072,96.2593228900347
United States,2021,23681171000000.0,5.349,3.25,118.400948162572,65.380112850592,4.69785886363742,-3.62580887575196,156.3461425646965
United States,2022,26006893000000.0,3.65,3.9223404983241776,112.817613391957,65.1985544146872,8.00279982052121,-3.81876450985514,231.3828646658915
United States,2023,27720709000000.0,3.638,3.9395394817735334,114.755553330184,64.9735428685564,4.11633838374488,-3.34773904953152,194.26053940002424
United States,2024,29184890000000.0,4.106,3.956738465222889,121.1011217747428,64.7466928651531,2.94952520485207,-4.06132762535682,191.77688801027324
